Id,Date,SedentaryMinutes,LightlyActiveMinutes,FairlyActiveMinutes,VeryActiveMinutes,SedentaryActiveDistance,LightActiveDistance,ModeratelyActiveDistance,VeryActiveDistance
1503960366,4/12/2016,728,328,13,25,0,6.059999943,0.5500000119,1.879999995
1503960366,4/13/2016,776,217,19,21,0,4.710000038,0.6899999976,1.570000052
1503960366,4/14/2016,1218,181,11,30,0,3.910000086,0.400000006,2.440000057
1503960366,4/15/2016,726,209,34,29,0,2.829999924,1.25999999,2.140000105
1503960366,4/16/2016,773,221,10,36,0,5.039999962,0.4099999964,2.710000038
1503960366,4/17/2016,539,164,20,38,0,2.50999999,0.7799999714,3.190000057
1503960366,4/18/2016,1149,233,16,42,0,4.710000038,0.6399999857,3.25
1503960366,4/19/2016,775,264,31,50,0,5.03000021,1.320000052,3.529999971
1503960366,4/20/2016,818,205,12,28,0,4.239999771,0.4799999893,1.960000038
1503960366,4/21/2016,838,211,8,19,0,4.650000095,0.349999994,1.340000033
1503960366,4/22/2016,1217,130,27,66,0,2.24000001,1.120000005,4.760000229
1503960366,4/23/2016,732,262,21,41,0,5.360000134,0.8700000048,2.809999943
1503960366,4/24/2016,709,238,5,39,0,3.279999971,0.2099999934,2.920000076
1503960366,4/25/2016,814,216,14,73,0,3.940000057,0.5699999928,5.289999962
1503960366,4/26/2016,833,279,23,31,0,5.539999962,0.9200000167,2.329999924
1503960366,4/27/2016,1108,243,11,78,0,5.409999847,0.4099999964,6.400000095
1503960366,4/28/2016,782,189,28,48,0,3.789999962,1.159999967,3.539999962
1503960366,4/29/2016,815,243,12,16,0,5.579999924,0.5,1.059999943
1503960366,4/30/2016,712,217,34,52,0,4.269999981,1.419999957,3.559999943
1503960366,5/1/2016,730,246,35,33,0,2.920000076,1.600000024,2.289999962
1503960366,5/2/2016,798,277,15,41,0,5.920000076,0.5699999928,3.210000038
1503960366,5/3/2016,816,254,24,50,0,4.880000114,1.049999952,3.730000019
1503960366,5/4/2016,1179,203,22,36,0,3.819999933,0.8700000048,2.460000038
1503960366,5/5/2016,857,250,24,45,0,4.880000114,1.080000043,2.920000076
1503960366,5/6/2016,754,289,6,24,0,5.809999943,0.25,1.970000029
1503960366,5/7/2016,833,175,46,37,0,3.130000114,2.119999886,2.460000038
1503960366,5/8/2016,574,203,8,44,0,2.730000019,0.3199999928,3.529999971
1503960366,5/9/2016,835,206,11,46,0,3.74000001,0.5299999714,3.450000048
1503960366,5/10/2016,746,214,31,46,0,3.25999999,1.159999967,3.349999905
1503960366,5/11/2016,669,251,23,36,0,4.550000191,1.00999999,2.559999943
1503960366,5/12/2016,1440,0,0,0,0,0,0,0
1624580081,4/12/2016,1294,146,0,0,0,5.309999943,0,0
1624580081,4/13/2016,1292,148,0,0,0,4.550000191,0,0
1624580081,4/14/2016,1204,236,0,0,0.009999999776,5.909999847,0,0
1624580081,4/15/2016,1344,96,0,0,0,0.9700000286,0,0
1624580081,4/16/2016,1264,176,0,0,0,3.49000001,0,0
1624580081,4/17/2016,1276,127,22,15,0.009999999776,1.49000001,1.519999981,1.029999971
1624580081,4/18/2016,1214,202,7,17,0.009999999776,4.619999886,0.6200000048,2.150000095
1624580081,4/19/2016,1299,141,0,0,0,1.899999976,0,0
1624580081,4/20/2016,1289,151,0,0,0,3.230000019,0,0
1624580081,4/21/2016,1254,186,0,0,0.01999999955,4.110000134,0,0
1624580081,4/22/2016,1241,199,0,0,0,2.599999905,0,0
1624580081,4/23/2016,1213,227,0,0,0.009999999776,5.539999962,0,0
1624580081,4/24/2016,1221,185,18,16,0,1.889999986,0.9100000262,1.149999976
1624580081,4/25/2016,1238,202,0,0,0.01999999955,4.199999809,0,0
1624580081,4/26/2016,1300,140,0,0,0.009999999776,1.830000043,0,0
1624580081,4/27/2016,1233,154,36,17,0,2.460000038,1.870000005,1.110000014
1624580081,4/28/2016,1320,115,5,0,0,1.600000024,0.200000003,0
1624580081,4/29/2016,1290,150,0,0,0,1.549999952,0,0
1624580081,4/30/2016,1182,224,23,11,0.009999999776,2.119999886,1.279999971,0.8999999762
1624580081,5/1/2016,1020,171,63,186,0.01999999955,1.909999967,4.190000057,21.92000008
1624580081,5/2/2016,1261,166,6,7,0,3.470000029,0.5899999738,0.8600000143
1624580081,5/3/2016,1344,96,0,0,0.01999999955,1.340000033,0,0
1624580081,5/4/2016,1322,118,0,0,0,1.419999957,0,0
1624580081,5/5/2016,1323,117,0,0,0.01999999955,1.580000043,0,0
1624580081,5/6/2016,1338,102,0,0,0.009999999776,1.120000005,0,0
1624580081,5/7/2016,1258,182,0,0,0,1.370000005,0,0
1624580081,5/8/2016,1288,152,0,0,0,2.220000029,0,0
1624580081,5/9/2016,1349,91,0,0,0,1.129999995,0,0
1624580081,5/10/2016,1301,139,0,0,0.009999999776,1.919999957,0,0
1624580081,5/11/2016,1328,112,0,0,0,2.039999962,0,0
1624580081,5/12/2016,890,107,0,0,0.009999999776,1.919999957,0,0
1644430081,4/12/2016,1131,256,51,2,0,5.329999924,2.299999952,0.1400000006
1644430081,4/13/2016,1259,135,16,30,0,2.640000105,0.8999999762,2.279999971
1644430081,4/14/2016,1125,252,58,5,0,5.099999905,2.559999943,0.3600000143
1644430081,4/15/2016,1263,170,4,3,0,3.450000048,0.150000006,0.2199999988
1644430081,4/16/2016,1135,212,42,51,0,5.090000153,1.879999995,4.099999905
1644430081,4/17/2016,1212,186,13,29,0,3.549999952,0.5699999928,2.25
1644430081,4/18/2016,1271,121,33,15,0,2.450000048,1.669999957,1.070000052
1644430081,4/19/2016,1099,278,58,5,0,5.300000191,2.529999971,0.3600000143
1644430081,4/20/2016,1315,125,0,0,0.009999999776,1.75999999,0,0
1644430081,4/21/2016,1402,38,0,0,0.009999999776,0.8799999952,0,0
1644430081,4/22/2016,1354,86,0,0,0.009999999776,2.660000086,0,0
1644430081,4/23/2016,1265,160,15,0,0,4.25,0.5799999833,0
1644430081,4/24/2016,1351,89,0,0,0,2.410000086,0,0
1644430081,4/25/2016,1337,94,1,8,0,1.950000048,0.05999999866,0.5899999738
1644430081,4/26/2016,1165,223,41,11,0,4.690000057,1.720000029,0.8000000119
1644430081,4/27/2016,1322,118,0,0,0,2.200000048,0,0
1644430081,4/28/2016,1157,227,53,3,0,4.309999943,2.319999933,0.200000003
1644430081,4/29/2016,1193,120,0,0,0,2.309999943,0,0
1644430081,4/30/2016,816,402,71,9,0,9.460000038,3.140000105,0.6299999952
1644430081,5/1/2016,908,146,24,3,0,3.230000019,0.9900000095,0.2399999946
1644430081,5/2/2016,682,148,7,1,0,2.349999905,0.3100000024,0.0700000003
1644430081,5/3/2016,1115,221,94,10,0,4.539999962,4.090000153,0.7200000286
1644430081,5/4/2016,1388,52,0,0,0.01999999955,1.659999967,0,0
1644430081,5/5/2016,1341,81,12,6,0.009999999776,2.130000114,0.5400000215,0.5199999809
1644430081,5/6/2016,1054,369,6,11,0.01999999955,6.010000229,0.2700000107,0.8199999928
1644430081,5/7/2016,1139,243,17,41,0.009999999776,5.670000076,0.7900000215,3.25999999
1644430081,5/8/2016,991,295,0,0,0,4.880000114,0,0
1644430081,5/9/2016,1099,303,6,32,0.009999999776,2.089999914,0.349999994,2.390000105
1644430081,5/10/2016,1254,155,19,12,0.009999999776,4.96999979,0.8100000024,0.8799999952
1644430081,5/11/2016,713,49,0,0,0.009999999776,0.9499999881,0,0
1844505072,4/12/2016,1101,339,0,0,0,4.429999828,0,0
1844505072,4/13/2016,1192,248,0,0,0,3.25999999,0,0
1844505072,4/14/2016,843,373,0,0,0,5.230000019,0,0
1844505072,4/15/2016,527,176,0,0,0,2.539999962,0,0
1844505072,4/16/2016,1293,147,0,0,0,2.25999999,0,0
1844505072,4/17/2016,1231,199,8,2,0,2.589999914,0.2599999905,0.1400000006
1844505072,4/18/2016,1211,217,12,0,0,2.559999943,0.4799999893,0
1844505072,4/19/2016,1430,10,0,0,0,0.1299999952,0,0
1844505072,4/20/2016,1439,1,0,0,0,0.009999999776,0,0
1844505072,4/21/2016,1117,308,13,2,0,4.679999828,0.5199999809,0.1199999973
1844505072,4/22/2016,1220,220,0,0,0,3.549999952,0,0
1844505072,4/23/2016,1301,139,0,0,0,2.359999895,0,0
1844505072,4/24/2016,1440,0,0,0,0,0,0,0
1844505072,4/25/2016,1440,0,0,0,0,0,0,0
1844505072,4/26/2016,1440,0,0,0,0,0,0,0
1844505072,4/27/2016,1439,1,0,0,0,0,0,0
1844505072,4/28/2016,1138,302,0,0,0,4.559999943,0,0
1844505072,4/29/2016,1082,247,0,0,0,3.25,0,0
1844505072,4/30/2016,218,184,0,0,0,2.650000095,0,0
1844505072,5/1/2016,585,75,7,0,0,1.450000048,0.2599999905,0
1844505072,5/2/2016,1440,0,0,0,0,0,0,0
1844505072,5/3/2016,1256,184,0,0,0,2.680000067,0,0
1844505072,5/4/2016,1353,87,0,0,0,1.370000005,0,0
1844505072,5/5/2016,1320,120,0,0,0,1.480000019,0,0
1844505072,5/6/2016,1438,2,0,0,0,0.02999999933,0,0
1844505072,5/7/2016,1440,0,0,0,0,0,0,0
1844505072,5/8/2016,1440,0,0,0,0,0,0,0
1844505072,5/9/2016,1440,0,0,0,0,0,0,0
1844505072,5/10/2016,1440,0,0,0,0,0,0,0
1844505072,5/11/2016,1440,0,0,0,0,0,0,0
1844505072,5/12/2016,711,0,0,0,0,0,0,0
1927972279,4/12/2016,734,55,0,0,0,0.4699999988,0,0
1927972279,4/13/2016,986,32,0,0,0,0.25,0,0
1927972279,4/14/2016,1292,88,9,0,0,1.100000024,0.400000006,0
1927972279,4/15/2016,941,51,0,0,0,0.6800000072,0,0
1927972279,4/16/2016,1440,0,0,0,0,0,0,0
1927972279,4/17/2016,1440,0,0,0,0,0,0,0
1927972279,4/18/2016,1423,17,0,0,0,0.1700000018,0,0
1927972279,4/19/2016,1440,0,0,0,0,0,0,0
1927972279,4/20/2016,1440,0,0,0,0,0,0,0
1927972279,4/21/2016,1440,0,0,0,0,0,0,0
1927972279,4/22/2016,1430,10,0,0,0,0.1000000015,0,0
1927972279,4/23/2016,1295,145,0,0,0,2.039999962,0,0
1927972279,4/24/2016,1358,75,6,1,0,1.139999986,0.2399999946,0.0700000003
1927972279,4/25/2016,1303,12,0,0,0,0.1099999994,0,0
1927972279,4/26/2016,1058,192,0,0,0,2.599999905,0,0
1927972279,4/27/2016,1440,0,0,0,0,0,0,0
1927972279,4/28/2016,1167,95,0,0,0,1.159999967,0,0
1927972279,4/29/2016,1440,0,0,0,0,0,0,0
1927972279,4/30/2016,1440,0,0,0,0,0,0,0
1927972279,5/1/2016,1355,70,1,14,0,0.8299999833,0.02999999933,1.00999999
1927972279,5/2/2016,1322,94,8,16,0,1.159999967,0.3000000119,1.159999967
1927972279,5/3/2016,1413,17,0,10,0,0.1800000072,0,0.7300000191
1927972279,5/4/2016,1353,87,0,0,0,1.24000001,0,0
1927972279,5/5/2016,1440,0,0,0,0,0,0,0
1927972279,5/6/2016,1332,108,0,0,0,1.450000048,0,0
1927972279,5/7/2016,1392,48,0,0,0,1.039999962,0,0
1927972279,5/8/2016,1440,0,0,0,0,0,0,0
1927972279,5/9/2016,1440,0,0,0,0,0,0,0
1927972279,5/10/2016,1440,0,0,0,0,0,0,0
1927972279,5/11/2016,1440,0,0,0,0,0,0,0
1927972279,5/12/2016,966,0,0,0,0,0,0,0
2022484408,4/12/2016,1157,227,14,42,0,4.260000229,0.7699999809,3.309999943
2022484408,4/13/2016,1100,292,5,43,0,5.409999847,0.1000000015,2.99000001
2022484408,4/14/2016,1148,257,3,32,0,4.820000172,0.2099999934,2.480000019
2022484408,4/15/2016,1122,282,9,27,0,5.78000021,0.3100000024,1.940000057
2022484408,4/16/2016,1237,151,11,41,0,3.390000105,0.5500000119,3.150000095
2022484408,4/17/2016,1052,331,29,28,0,6.880000114,0.6600000262,3.869999886
2022484408,4/18/2016,1078,311,3,48,0,6.300000191,0.1199999973,3.640000105
2022484408,4/19/2016,1152,250,7,31,0,5,0.2399999946,3.289999962
2022484408,4/20/2016,1053,276,63,48,0,5.400000095,1.929999948,3.339999914
2022484408,4/21/2016,1028,255,53,104,0,4.309999943,1.110000014,3.329999924
2022484408,4/22/2016,1105,273,10,52,0,4.46999979,0.4199999869,4.429999828
2022484408,4/23/2016,1191,249,0,0,0,4.210000038,0,0
2022484408,4/24/2016,1161,216,26,37,0,4.579999924,1.149999976,4.550000191
2022484408,4/25/2016,1171,217,8,44,0,4.460000038,0.2199999988,3.329999924
2022484408,4/26/2016,1086,275,24,55,0,5.110000134,0.6600000262,1.429999948
2022484408,4/27/2016,1119,282,20,19,0,5.119999886,0.9700000286,1.039999962
2022484408,4/28/2016,1123,291,20,6,0,5.389999866,1.330000043,0.4099999964
2022484408,4/29/2016,1098,281,40,21,0,5.5,1.210000038,0.4799999893
2022484408,4/30/2016,1043,361,23,13,0,10.56999969,1.399999976,0.9399999976
2022484408,5/1/2016,1142,245,28,25,0,4.5,0.9599999785,1.940000057
2022484408,5/2/2016,1119,277,8,36,0,4.329999924,0.3400000036,2.609999895
2022484408,5/3/2016,1104,250,14,72,0,4.28000021,0.4600000083,3.99000001
2022484408,5/4/2016,1105,272,27,36,0,4.849999905,0.9300000072,2.50999999
2022484408,5/5/2016,1112,253,20,55,0,4.699999809,0.8600000143,2.789999962
2022484408,5/6/2016,1104,295,17,24,0,4.639999866,0.6700000167,1.870000005
2022484408,5/7/2016,1269,149,2,20,0,3.019999981,0.07999999821,1.610000014
2022484408,5/8/2016,1305,135,0,0,0,2.309999943,0,0
2022484408,5/9/2016,1061,297,47,35,0,5.639999866,1.629999995,2.119999886
2022484408,5/10/2016,1084,271,28,57,0,5.559999943,1.210000038,2.220000029
2022484408,5/11/2016,1133,224,25,58,0,3.99000001,1.149999976,4.179999828
2022484408,5/12/2016,728,236,16,16,0,4.440000057,0.6700000167,1.279999971
2026352035,4/12/2016,706,181,8,3,0,2.200000048,0.349999994,0.1899999976
2026352035,4/13/2016,663,238,0,0,0,3.099999905,0,0
2026352035,4/14/2016,653,197,0,0,0,2.049999952,0,0
2026352035,4/15/2016,687,188,0,0,0,2.369999886,0,0
2026352035,4/16/2016,728,150,0,0,0,1.580000043,0,0
2026352035,4/17/2016,1053,60,0,0,0,0.5199999809,0,0
2026352035,4/18/2016,1062,182,0,0,0,2.059999943,0,0
2026352035,4/19/2016,785,141,0,0,0,1.5,0,0
2026352035,4/20/2016,623,327,0,0,0,4.480000019,0,0
2026352035,4/21/2016,749,153,0,0,0,1.529999971,0,0
2026352035,4/22/2016,712,162,0,0,0,1.809999943,0,0
2026352035,4/23/2016,458,432,0,0,0,7.710000038,0,0
2026352035,4/24/2016,704,164,0,0,0,2.160000086,0,0
2026352035,4/25/2016,821,260,0,0,0,3.730000019,0,0
2026352035,4/26/2016,1018,288,0,0,0,3.680000067,0,0
2026352035,4/27/2016,586,286,0,0,0,3.769999981,0,0
2026352035,4/28/2016,626,331,0,0,0,3.950000048,0,0
2026352035,4/29/2016,492,352,0,0,0,4.710000038,0,0
2026352035,4/30/2016,594,233,0,0,0,2.930000067,0,0
2026352035,5/1/2016,716,191,0,0,0,2.279999971,0,0
2026352035,5/2/2016,716,355,0,0,0,4.349999905,0,0
2026352035,5/3/2016,981,304,0,0,0,3.720000029,0,0
2026352035,5/4/2016,530,345,0,0,0,4.070000172,0,0
2026352035,5/5/2016,479,475,0,0,0,7.539999962,0,0
2026352035,5/6/2016,511,383,0,0,0,5.079999924,0,0
2026352035,5/7/2016,665,229,0,0,0,2.599999905,0,0
2026352035,5/8/2016,610,258,0,0,0,3.450000048,0,0
2026352035,5/9/2016,543,401,0,0,0,6.599999905,0,0
2026352035,5/10/2016,1002,17,0,0,0,0.1599999964,0,0
2026352035,5/11/2016,569,330,0,0,0,5.320000172,0,0
2026352035,5/12/2016,330,343,0,0,0,5.510000229,0,0
2320127002,4/12/2016,1112,306,9,13,0,6.010000229,0.3100000024,1.169999957
2320127002,4/13/2016,1105,335,0,0,0,4.900000095,0,0
2320127002,4/14/2016,1249,191,0,0,0,2.680000067,0,0
2320127002,4/15/2016,1195,245,0,0,0,3.50999999,0,0
2320127002,4/16/2016,1245,195,0,0,0,3.400000095,0,0
2320127002,4/17/2016,1191,249,0,0,0,4.179999828,0,0
2320127002,4/18/2016,1173,260,7,0,0,4.139999866,0.2599999905,0
2320127002,4/19/2016,1201,228,11,0,0,3.660000086,0.3799999952,0
2320127002,4/20/2016,1146,283,11,0,0,4.340000153,0.4900000095,0
2320127002,4/21/2016,1302,127,10,1,0,1.809999943,0.4199999869,0.05999999866
2320127002,4/22/2016,1174,266,0,0,0,3.75999999,0,0
2320127002,4/23/2016,1129,242,0,0,0,3.420000076,0,0
2320127002,4/24/2016,1236,204,0,0,0,2.799999952,0,0
2320127002,4/25/2016,1280,152,5,3,0,1.99000001,0.200000003,0.2300000042
2320127002,4/26/2016,1293,147,0,0,0,2.299999952,0,0
2320127002,4/27/2016,1358,82,0,0,0,1.159999967,0,0
2320127002,4/28/2016,1364,76,0,0,0,1.029999971,0,0
2320127002,4/29/2016,1395,45,0,0,0,0.6200000048,0,0
2320127002,4/30/2016,1206,234,0,0,0,3.069999933,0,0
2320127002,5/1/2016,1400,40,0,0,0,0.5199999809,0,0
2320127002,5/2/2016,1306,123,6,5,0,1.879999995,0.2099999934,0.3600000143
2320127002,5/3/2016,1204,206,10,20,0,3.160000086,0.3700000048,1.49000001
2320127002,5/4/2016,1388,52,0,0,0,0.8100000024,0,0
2320127002,5/5/2016,1206,223,11,0,0,3.109999895,0.3899999857,0
2320127002,5/6/2016,1236,204,0,0,0,3.289999962,0,0
2320127002,5/7/2016,1121,319,0,0,0,4.96999979,0,0
2320127002,5/8/2016,1193,247,0,0,0,3.470000029,0,0
2320127002,5/9/2016,1295,145,0,0,0,2.079999924,0,0
2320127002,5/10/2016,1150,290,0,0,0,4.199999809,0,0
2320127002,5/11/2016,1140,300,0,0,0,4.329999924,0,0
2320127002,5/12/2016,830,128,0,0,0,1.789999962,0,0
2347167796,4/12/2016,964,320,13,28,0,4.199999809,0.6200000048,2
2347167796,4/13/2016,676,195,32,19,0,3.410000086,1.940000057,1.659999967
2347167796,4/14/2016,705,206,48,1,0,3.940000057,2.74000001,0.01999999955
2347167796,4/15/2016,720,284,24,1,0,5.429999828,1.419999957,0.0700000003
2347167796,4/16/2016,968,268,72,66,0,5.53000021,4.099999905,5.449999809
2347167796,4/17/2016,508,249,7,1,0,3.25999999,0.2800000012,0.07999999821
2347167796,4/18/2016,678,206,16,11,0,3.789999962,0.8600000143,0.7900000215
2347167796,4/19/2016,648,382,7,0,0,4.440000057,0,0
2347167796,4/20/2016,1011,269,43,11,0,4.78000021,1.809999943,0.6800000072
2347167796,4/21/2016,761,208,26,23,0,3.380000114,1.529999971,1.850000024
2347167796,4/22/2016,781,206,27,9,0,2.920000076,1.679999948,0.5600000024
2347167796,4/23/2016,591,360,35,32,0,7.150000095,1.450000048,2.779999971
2347167796,4/24/2016,584,360,0,0,0,6.260000229,0,0
2347167796,4/25/2016,653,277,11,15,0,4.599999905,0.5199999809,1.269999981
2347167796,4/26/2016,732,227,0,0,0,3.950000048,0,0
2347167796,4/27/2016,623,295,9,26,0,5.320000172,0.400000006,1.860000014
2347167796,4/28/2016,764,229,0,0,0,3.599999905,0,0
2347167796,4/29/2016,2,4,0,0,0,0.02999999933,0,0
2873212765,4/12/2016,1061,356,21,2,0,4.880000114,0.9300000072,0.1099999994
2873212765,4/13/2016,1028,404,8,0,0.01999999955,4.880000114,0.2199999988,0
2873212765,4/14/2016,1109,331,0,0,0,5.320000172,0,0
2873212765,4/15/2016,992,448,0,0,0.009999999776,5.690000057,0,0
2873212765,4/16/2016,1087,305,1,47,0.009999999776,3.50999999,0.01999999955,3.109999895
2873212765,4/17/2016,1272,160,8,0,0,1.340000033,0.349999994,0
2873212765,4/18/2016,1122,311,6,1,0,4.889999866,0.2800000012,0.0700000003
2873212765,4/19/2016,1051,389,0,0,0,5.360000134,0,0
2873212765,4/20/2016,1035,378,5,22,0.009999999776,4.659999847,0.1199999973,1.50999999
2873212765,4/21/2016,1057,371,10,2,0.009999999776,5.46999979,0.3700000048,0.1299999952
2873212765,4/22/2016,1028,366,0,46,0.01999999955,4.420000076,0,0.4600000083
2873212765,4/23/2016,1077,330,5,28,0.009999999776,4.019999981,0.2300000042,2.089999914
2873212765,4/24/2016,1203,190,1,46,0,1.620000005,0.05999999866,3
2873212765,4/25/2016,1081,359,0,0,0,4.949999809,0,0
2873212765,4/26/2016,1124,309,5,2,0,5.239999771,0.1800000072,0.1199999973
2873212765,4/27/2016,1197,197,0,46,0,2.359999895,0,0
2873212765,4/28/2016,1192,213,7,28,0,2.910000086,0.3400000036,2.160000086
2873212765,4/29/2016,1191,206,23,20,0,2.180000067,1.409999967,1.360000014
2873212765,4/30/2016,1167,248,20,5,0.009999999776,4.260000229,1.080000043,0.3300000131
2873212765,5/1/2016,1219,196,18,7,0,3.440000057,1.039999962,0.4900000095
2873212765,5/2/2016,1099,334,7,0,0.01999999955,4.829999924,0.2099999934,0
2873212765,5/3/2016,1070,363,6,1,0.009999999776,4.659999847,0.25,0.05999999866
2873212765,5/4/2016,1020,420,0,0,0,5.559999943,0,0
2873212765,5/5/2016,1093,311,23,13,0,4.03000021,0.8000000119,0.7799999714
2873212765,5/6/2016,1065,370,5,0,0.009999999776,4.610000134,0.1199999973,0
2873212765,5/7/2016,1302,52,11,75,0,0.5500000119,0.5500000119,2.279999971
2873212765,5/8/2016,1068,326,0,46,0,2.640000105,0,2.900000095
2873212765,5/9/2016,1095,345,0,0,0,5.190000057,0,0
2873212765,5/10/2016,1067,373,0,0,0.009999999776,5.550000191,0,0
2873212765,5/11/2016,1121,319,0,0,0.009999999776,4.320000172,0,0
2873212765,5/12/2016,720,268,0,0,0,5.110000134,0,0
3372868164,4/12/2016,1160,280,0,0,0.009999999776,3.230000019,0,0
3372868164,4/13/2016,1045,371,8,16,0.01999999955,5.269999981,0.3400000036,0.9900000095
3372868164,4/14/2016,1039,370,25,6,0.009999999776,4.650000095,1.029999971,0.3400000036
3372868164,4/15/2016,1105,335,0,0,0.01999999955,5.059999943,0,0
3372868164,4/16/2016,1084,356,0,0,0.02999999933,4.699999809,0,0
3372868164,4/17/2016,1105,322,2,11,0.009999999776,4.360000134,0.1000000015,1.409999967
3372868164,4/18/2016,1070,343,7,20,0,3.349999905,0.200000003,1.080000043
3372868164,4/19/2016,1064,376,0,0,0.01999999955,5.239999771,0,0
3372868164,4/20/2016,1148,274,3,15,0.01999999955,2.380000114,0.09000000358,0.8399999738
3372868164,4/21/2016,1037,376,9,18,0.009999999776,4.639999866,0.2599999905,1.149999976
3372868164,4/22/2016,1234,206,0,0,0.009999999776,2.609999895,0,0
3372868164,4/23/2016,1115,303,2,20,0,3.579999924,0.07999999821,1.399999976
3372868164,4/24/2016,1127,292,7,14,0.01999999955,3.49000001,0.1899999976,0.8899999857
3372868164,4/25/2016,1024,416,0,0,0,4.090000153,0,0
3372868164,4/26/2016,1083,333,2,22,0.009999999776,3.869999886,0.05000000075,1.850000024
3372868164,4/27/2016,1057,346,13,24,0.009999999776,3.190000057,0.6299999952,1.580000043
3372868164,4/28/2016,1055,385,0,0,0,3.75999999,0,0
3372868164,4/29/2016,1038,402,0,0,0.009999999776,6.21999979,0,0
3372868164,4/30/2016,1119,300,4,17,0.009999999776,2.420000076,0.09000000358,1.059999943
3372868164,5/1/2016,842,172,0,0,0,2.089999914,0,0
3977333714,4/12/2016,777,131,19,44,0,2.00999999,0.9100000262,3.059999943
3977333714,4/13/2016,754,153,46,31,0,2.549999952,2.130000114,2.029999971
3977333714,4/14/2016,801,214,23,5,0,3.819999933,0.9700000286,0.3199999928
3977333714,4/15/2016,644,183,42,15,0,3.25999999,1.75,1.049999952
3977333714,4/16/2016,663,153,83,31,0,2.970000029,4,2.029999971
3977333714,4/17/2016,600,205,58,11,0,3.920000076,2.349999905,0.6999999881
3977333714,4/18/2016,605,214,95,4,0,3.819999933,3.730000019,0.25
3977333714,4/19/2016,738,221,67,19,0,3.960000038,2.450000048,2.24000001
3977333714,4/20/2016,845,164,98,2,0,3.279999971,4.349999905,0.200000003
3977333714,4/21/2016,712,242,0,0,0,4.059999943,0,0
3977333714,4/22/2016,731,188,12,33,0,3.059999943,0.5799999833,2.329999924
3977333714,4/23/2016,724,252,92,0,0,3.849999905,4.21999979,0
3977333714,4/24/2016,660,129,95,30,0,2.170000076,4.559999943,3.269999981
3977333714,4/25/2016,781,133,9,50,0,2.410000086,0.4300000072,5.619999886
3977333714,4/26/2016,797,170,95,7,0,2.950000048,4.21999979,0.4499999881
3977333714,4/27/2016,714,176,10,0,0,4.619999886,0.4199999869,0
3977333714,4/28/2016,804,190,8,15,0,3.220000029,0.2899999917,1.370000005
3977333714,4/29/2016,744,150,32,36,0,2.710000038,1.299999952,3.74000001
3977333714,4/30/2016,687,194,52,43,0,3.410000086,2.099999905,3.690000057
3977333714,5/1/2016,691,124,40,41,0,2.410000086,1.980000019,2.670000076
3977333714,5/2/2016,713,176,143,24,0,3.019999981,6.480000019,1.539999962
3977333714,5/3/2016,594,258,41,47,0,4.53000021,1.74000001,3.319999933
3977333714,5/4/2016,852,142,96,14,0,2.890000105,4.579999924,1.809999943
3977333714,5/5/2016,680,178,88,14,0,2.710000038,4.110000134,1.75999999
3977333714,5/6/2016,676,168,55,29,0,2.670000076,2.50999999,3.109999895
3977333714,5/7/2016,703,208,86,0,0,3.589999914,4.130000114,0
3977333714,5/8/2016,688,171,116,9,0,3.170000076,5.239999771,0.6800000072
3977333714,5/9/2016,1159,151,122,8,0,3.549999952,5.599999905,0.7699999809
3977333714,5/10/2016,676,196,115,1,0,3.309999943,5.400000095,0.0700000003
3977333714,5/11/2016,13,9,0,4,0,0.1299999952,0,0.3700000048
4020332650,4/12/2016,712,331,15,4,0,5.679999828,0.2399999946,0.150000006
4020332650,4/13/2016,1440,0,0,0,0,0,0,0
4020332650,4/14/2016,1437,3,0,0,0,0.02999999933,0,0
4020332650,4/15/2016,1299,87,18,36,0,0.7699999809,0.3600000143,0.2099999934
4020332650,4/16/2016,1222,55,21,65,0,0.5899999738,0.3700000048,0.4499999881
4020332650,4/17/2016,1438,2,0,0,0,0.009999999776,0,0
4020332650,4/18/2016,1438,2,0,0,0,0.03999999911,0,0
4020332650,4/19/2016,1440,0,0,0,0,0,0,0
4020332650,4/20/2016,1440,0,0,0,0,0,0,0
4020332650,4/21/2016,1440,0,0,0,0,0,0,0
4020332650,4/22/2016,1440,0,0,0,0,0,0,0
4020332650,4/23/2016,1440,0,0,0,0,0,0,0
4020332650,4/24/2016,1440,0,0,0,0,0,0,0
4020332650,4/25/2016,1440,0,0,0,0,0,0,0
4020332650,4/26/2016,1440,0,0,0,0,0,0,0
4020332650,4/27/2016,1440,0,0,0,0,0,0,0
4020332650,4/28/2016,1440,0,0,0,0,0,0,0
4020332650,4/29/2016,1440,0,0,0,0,0,0,0
4020332650,4/30/2016,1440,0,0,0,0,0,0,0
4020332650,5/1/2016,1440,0,0,0,0,0,0,0
4020332650,5/2/2016,1350,31,11,0,0,0.2899999917,0.03999999911,0
4020332650,5/3/2016,950,174,0,0,0.05000000075,3.150000095,0,0
4020332650,5/4/2016,531,346,46,13,0,5.579999924,1.039999962,0.6700000167
4020332650,5/5/2016,916,196,42,38,0.0700000003,4.039999962,1.679999948,2.619999886
4020332650,5/6/2016,855,177,0,0,0.009999999776,3.099999905,0,0
4020332650,5/7/2016,1256,184,0,0,0,3.579999924,0,0
4020332650,5/8/2016,775,263,0,0,0,4.150000095,0,0
4020332650,5/9/2016,1225,173,5,3,0,2.940000057,0.1199999973,0.200000003
4020332650,5/10/2016,774,206,0,0,0.03999999911,3.869999886,0,0
4020332650,5/11/2016,1296,134,8,2,0,2.329999924,0.1700000018,0.1099999994
4020332650,5/12/2016,721,21,0,0,0,0.4099999964,0,0
4057192912,4/12/2016,1276,164,0,0,0,3.940000057,0,0
4057192912,4/13/2016,1280,160,0,0,0,4.369999886,0,0
4057192912,4/14/2016,1440,0,0,0,0,0,0,0
4057192912,4/15/2016,873,88,6,3,0,2.440000057,0.2599999905,0.2099999934
4319703577,4/12/2016,1440,0,0,0,0,0,0,0
4319703577,4/13/2016,1234,96,15,8,0,1.309999943,0.5899999738,0.5299999714
4319703577,4/14/2016,589,339,9,1,0,6.440000057,0.3300000131,0.1099999994
4319703577,4/15/2016,752,228,0,0,0,3.799999952,0,0
4319703577,4/16/2016,724,194,0,0,0,3.180000067,0,0
4319703577,4/17/2016,1363,3,0,0,0,0.01999999955,0,0
4319703577,4/18/2016,824,58,9,1,0,1.120000005,0.3300000131,0.0700000003
4319703577,4/19/2016,604,311,0,0,0,5.989999771,0,0
4319703577,4/20/2016,671,306,18,0,0,5.309999943,0.6800000072,0
4319703577,4/21/2016,1265,34,0,0,0,0.349999994,0,0
4319703577,4/22/2016,709,176,19,1,0,2.150000095,0.8100000024,0.05999999866
4319703577,4/23/2016,546,233,0,0,0,3.309999943,0,0
4319703577,4/24/2016,692,191,5,1,0,2.470000029,0.200000003,0.05999999866
4319703577,4/25/2016,544,390,8,0,0,5.929999828,0.2800000012,0
4319703577,4/26/2016,649,288,21,8,0,5.150000095,0.9200000167,0.5699999928
4319703577,4/27/2016,680,300,47,6,0,4.909999847,1.919999957,0.4099999964
4319703577,4/28/2016,552,359,8,13,0,5.940000057,0.3300000131,1.00999999
4319703577,4/29/2016,624,289,18,6,0,4.119999886,0.7900000215,0.4499999881
4319703577,4/30/2016,695,196,38,6,0,3.50999999,1.610000014,0.400000006
4319703577,5/1/2016,836,67,0,0,0,0.8399999738,0,0
4319703577,5/2/2016,585,344,11,0,0,5.710000038,0.4399999976,0
4319703577,5/3/2016,669,287,26,8,0,4.829999924,1.070000052,0.5799999833
4319703577,5/4/2016,1106,313,13,8,0,5.849999905,0.5799999833,0.5899999738
4319703577,5/5/2016,957,328,34,27,0,5.449999809,1.409999967,2.630000114
4319703577,5/6/2016,692,314,11,6,0,5.460000038,0.4699999988,0.4099999964
4319703577,5/7/2016,586,279,28,3,0,4.079999924,1.049999952,0.1899999976
4319703577,5/8/2016,603,153,0,0,0,2.460000038,0,0
4319703577,5/9/2016,490,374,14,2,0,6.25,0.5600000024,0.1400000006
4319703577,5/10/2016,555,329,12,3,0,5.699999809,0.4600000083,0.2099999934
4319703577,5/11/2016,574,311,18,3,0,5.179999828,0.7400000095,0.200000003
4319703577,5/12/2016,0,2,0,0,0,0.009999999776,0,0
4388161847,4/12/2016,1440,0,0,0,0,0,0,0
4388161847,4/13/2016,1275,150,14,1,0,3.880000114,0.6299999952,0.05999999866
4388161847,4/14/2016,945,219,35,10,0,5.619999886,1.070000052,0.1299999952
4388161847,4/15/2016,837,299,0,0,0,6.730000019,0,0
4388161847,4/16/2016,609,253,9,6,0,4.449999809,0.400000006,0.2099999934
4388161847,4/17/2016,721,201,0,0,0,3.579999924,0,0
4388161847,4/18/2016,1017,239,8,27,0,5.139999866,0.400000006,3.559999943
4388161847,4/19/2016,704,249,16,20,0,5.769999981,0.6899999976,1.370000005
4388161847,4/20/2016,696,228,42,19,0,5.289999962,1.720000029,1.100000024
4388161847,4/21/2016,853,272,12,7,0,6.980000019,0.3899999857,0.3700000048
4388161847,4/22/2016,945,220,25,77,0,4.920000076,1.110000014,3.299999952
4388161847,4/23/2016,749,215,5,58,0,5.349999905,0.3199999928,4.5
4388161847,4/24/2016,584,239,8,14,0,6.300000191,0.5099999905,1.080000043
4388161847,4/25/2016,1054,301,31,11,0,7.840000153,1.399999976,0.7300000191
4388161847,4/26/2016,673,224,23,14,0,5.269999981,1.059999943,0.9399999976
4388161847,4/27/2016,684,241,48,11,0,5.389999866,2.50999999,0.6999999881
4388161847,4/28/2016,878,234,9,19,0,6.03000021,0.4300000072,1.289999962
4388161847,4/29/2016,1175,236,16,13,0,5.420000076,0.8899999857,0.8000000119
4388161847,4/30/2016,537,300,43,14,0,6.940000057,2,0.6999999881
4388161847,5/1/2016,579,241,15,12,0,6.199999809,0.6800000072,1.00999999
4388161847,5/2/2016,935,204,4,33,0,4.550000191,0.07999999821,3.769999981
4388161847,5/3/2016,984,306,18,18,0,7.880000114,0.7799999714,1.129999995
4388161847,5/4/2016,632,251,21,35,0,5.800000191,0.9300000072,2.789999962
4388161847,5/5/2016,896,199,39,12,0,5.090000153,1.669999957,0.6299999952
4388161847,5/6/2016,1100,262,45,33,0,5.929999828,2.089999914,2.109999895
4388161847,5/7/2016,508,260,56,120,0,5.329999924,2.769999981,9.449999809
4388161847,5/8/2016,576,178,38,107,0,3.230000019,1.25999999,9.890000343
4388161847,5/9/2016,1020,258,19,6,0,6.789999962,0.7300000191,0.3400000036
4388161847,5/10/2016,648,267,14,13,0,6.460000038,0.6499999762,0.8100000024
4388161847,5/11/2016,858,256,18,8,0,6.53000021,0.7900000215,0.5299999714
4388161847,5/12/2016,825,108,0,0,0,2.589999914,0,0
4445114986,4/12/2016,787,196,0,0,0,2.200000048,0,0
4445114986,4/13/2016,840,194,0,0,0,1.99000001,0,0
4445114986,4/14/2016,717,231,0,0,0,2.670000076,0,0
4445114986,4/15/2016,711,350,0,0,0,4.829999924,0,0
4445114986,4/16/2016,716,225,0,0,0,2.650000095,0,0
4445114986,4/17/2016,1219,114,0,0,0,1.519999981,0,0
4445114986,4/18/2016,1247,162,6,25,0,1.950000048,0.2899999917,2
4445114986,4/19/2016,895,121,0,0,0,1.389999986,0,0
4445114986,4/20/2016,841,137,0,0,0,1.389999986,0,0
4445114986,4/21/2016,756,215,0,0,0,2.539999962,0,0
4445114986,4/22/2016,706,317,0,0,0,4.579999924,0,0
4445114986,4/23/2016,1239,201,0,0,0,2.930000067,0,0
4445114986,4/24/2016,1196,244,0,0,0,3.359999895,0,0
4445114986,4/25/2016,916,179,0,0,0,2.269999981,0,0
4445114986,4/26/2016,839,180,1,29,0,1.960000038,0.03999999911,2.410000086
4445114986,4/27/2016,839,194,1,32,0,2.380000114,0.02999999933,2.619999886
4445114986,4/28/2016,762,236,0,0,0,3.00999999,0,0
4445114986,4/29/2016,1106,226,0,0,0,3.130000114,0,0
4445114986,4/30/2016,797,290,0,0,0,4.179999828,0,0
4445114986,5/1/2016,741,240,0,0,0,3.50999999,0,0
4445114986,5/2/2016,667,200,4,27,0,2.349999905,0.1899999976,2.210000038
4445114986,5/3/2016,725,233,2,30,0,2.579999924,0.1099999994,2.480000019
4445114986,5/4/2016,897,180,0,0,0,1.960000038,0,0
4445114986,5/5/2016,734,185,6,2,0,2.180000067,0.2399999946,0.1199999973
4445114986,5/6/2016,809,229,0,0,0,3.029999971,0,0
4445114986,5/7/2016,866,108,4,26,0,1.25,0.1899999976,2.130000114
4445114986,5/8/2016,733,308,8,0,0,4.650000095,0.25,0
4445114986,5/9/2016,641,266,0,0,0,3.539999962,0,0
4445114986,5/10/2016,783,231,0,0,0,2.630000114,0,0
4445114986,5/11/2016,622,232,22,34,0,2.859999895,1,2.25
4445114986,5/12/2016,380,58,0,0,0,0.5199999809,0,0
4558609924,4/12/2016,1122,318,0,0,0,3.390000105,0,0
4558609924,4/13/2016,1287,127,7,19,0,1.610000014,0.4399999976,1.24000001
4558609924,4/14/2016,1161,279,0,0,0,4.489999771,0,0
4558609924,4/15/2016,1131,262,30,17,0,3.730000019,0.8399999738,0.5899999738
4558609924,4/16/2016,1112,308,12,8,0,3.5,0.75,0.5500000119
4558609924,4/17/2016,1110,304,19,7,0,4.710000038,1.139999986,0.5500000119
4558609924,4/18/2016,1080,331,15,14,0,4,0.9300000072,0.9800000191
4558609924,4/19/2016,1182,248,9,1,0,3.160000086,0.3600000143,0.05000000075
4558609924,4/20/2016,1218,222,0,0,0,3.170000076,0,0
4558609924,4/21/2016,844,432,21,6,0,7.699999809,0.9700000286,0.4199999869
4558609924,4/22/2016,1122,273,25,20,0,3.470000029,1.5,1.370000005
4558609924,4/23/2016,1122,308,5,5,0,4.010000229,0.200000003,0.3400000036
4558609924,4/24/2016,1045,395,0,0,0,5.650000095,0,0
4558609924,4/25/2016,993,340,10,18,0,4.510000229,0.25,0.5899999738
4558609924,4/26/2016,1062,283,41,12,0,3.589999914,2.029999971,0.4300000072
4558609924,4/27/2016,1087,312,14,27,0,3.460000038,0.8899999857,1.960000038
4558609924,4/28/2016,985,367,11,1,0,5.949999809,0.2700000107,0.01999999955
4558609924,4/29/2016,1096,197,29,15,0,2.309999943,1.850000024,1.019999981
4558609924,4/30/2016,1111,293,29,7,0,4.460000038,1.889999986,0.4699999988
4558609924,5/1/2016,1121,190,0,0,0,2.269999981,0,0
4558609924,5/2/2016,1057,383,0,0,0,5.21999979,0,0
4558609924,5/3/2016,1172,237,10,21,0,2.599999905,0.2800000012,0.6000000238
4558609924,5/4/2016,1188,252,0,0,0,3.460000038,0,0
4558609924,5/5/2016,1048,370,8,14,0,5.510000229,0.5,1.00999999
4558609924,5/6/2016,1238,202,0,0,0,2.480000019,0,0
4558609924,5/7/2016,1116,233,16,23,0,2.829999924,1,1.610000014
4558609924,5/8/2016,1019,238,35,66,0,2.019999981,0.5,1.799999952
4558609924,5/9/2016,1065,339,30,6,0,5.519999981,1.620000005,0.4300000072
4558609924,5/10/2016,1191,220,18,11,0,2.390000105,1.120000005,0.7400000095
4558609924,5/11/2016,1081,324,31,4,0,3.940000057,1.820000052,0.2599999905
4558609924,5/12/2016,736,247,0,0,0,4.170000076,0,0
4702921684,4/12/2016,718,263,0,0,0,5.849999905,0,0
4702921684,4/13/2016,777,258,0,0,0,5.579999924,0,0
4702921684,4/14/2016,772,271,0,0,0,6.369999886,0,0
4702921684,4/15/2016,944,256,8,1,0,4.789999962,0.4199999869,0.0700000003
4702921684,4/16/2016,556,335,24,3,0,7.539999962,1.25,0.2399999946
4702921684,4/17/2016,437,302,66,12,0,5.880000114,3.460000038,0.9599999785
4702921684,4/18/2016,890,191,30,22,0,4.070000172,1.49000001,1.820000052
4702921684,4/19/2016,757,179,8,10,0,4.190000057,0.3700000048,0.8799999952
4702921684,4/20/2016,717,260,29,2,0,5.730000019,1.230000019,0.1599999964
4702921684,4/21/2016,901,144,41,4,0,2.940000057,2.049999952,0.3100000024
4702921684,4/22/2016,1341,72,0,0,0,1.350000024,0,0
4702921684,4/23/2016,469,408,66,9,0,8.270000458,3.24000001,0.7599999905
4702921684,4/24/2016,542,281,95,15,0,5.880000114,5.119999886,1.200000048
4702921684,4/25/2016,730,270,15,6,0,6.110000134,0.8199999928,0.4900000095
4702921684,4/26/2016,765,216,8,1,0,4.539999962,0.349999994,0.0700000003
4702921684,4/27/2016,733,238,16,1,0,4.78000021,0.8000000119,0.09000000358
4702921684,4/28/2016,738,232,9,14,0,5.769999981,0.4199999869,1.129999995
4702921684,4/29/2016,692,267,19,12,0,6.070000172,0.9200000167,1.059999943
4702921684,4/30/2016,728,263,36,4,0,5.880000114,2.029999971,0.3199999928
4702921684,5/1/2016,1440,0,0,0,0,0,0,0
4702921684,5/2/2016,1131,195,40,5,0,3.75999999,1.74000001,0.3799999952
4702921684,5/3/2016,729,313,0,0,0,7.670000076,0,0
4702921684,5/4/2016,757,251,15,4,0,5.539999962,0.7300000191,0.3400000036
4702921684,5/5/2016,745,241,5,8,0,6.090000153,0.2199999988,0.6700000167
4702921684,5/6/2016,682,207,16,1,0,4.869999886,0.6600000262,0.07999999821
4702921684,5/7/2016,577,439,46,5,0,8.970000267,2.309999943,0.3700000048
4702921684,5/8/2016,1019,192,125,9,0,3.539999962,6.210000038,0.6800000072
4702921684,5/9/2016,746,253,12,0,0,6.099999905,0.5699999928,0
4702921684,5/10/2016,701,262,37,1,0,6.650000095,1.879999995,0.07999999821
4702921684,5/11/2016,784,235,41,10,0,4.980000019,2.160000086,0.7799999714
4702921684,5/12/2016,241,68,0,0,0,2.230000019,0,0
5553957443,4/12/2016,767,277,13,19,0,5.409999847,0.7900000215,1.370000005
5553957443,4/13/2016,647,226,0,0,0,3.160000086,0,0
5553957443,4/14/2016,693,256,41,61,0,4.670000076,2.450000048,4
5553957443,4/15/2016,689,239,38,58,0,4.710000038,1.980000019,4.159999847
5553957443,4/16/2016,521,288,0,0,0,3.769999981,0,0
5553957443,4/17/2016,943,46,0,0,0,0.4300000072,0,0
5553957443,4/18/2016,622,206,0,0,0,2.430000067,0,0
5553957443,4/19/2016,756,249,28,69,0,4.179999828,1.659999967,4.28000021
5553957443,4/20/2016,598,148,0,0,0,1.769999981,0,0
5553957443,4/21/2016,801,177,42,47,0,2.960000038,2.160000086,2.950000048
5553957443,4/22/2016,781,270,16,25,0,5.599999905,0.6299999952,1.379999995
5553957443,4/23/2016,443,272,0,0,0,2.680000067,0,0
5553957443,4/24/2016,582,104,0,0,0,1.179999948,0,0
5553957443,4/25/2016,732,201,11,51,0,3.690000057,0.5699999928,2.930000067
5553957443,4/26/2016,750,238,18,40,0,4.460000038,0.9300000072,2.369999886
5553957443,4/27/2016,745,206,16,16,0,4.739999771,1,1.139999986
5553957443,4/28/2016,727,165,13,49,0,3.170000076,0.75,3.710000038
5553957443,4/29/2016,709,270,15,46,0,4.909999847,0.6399999857,2.789999962
5553957443,4/30/2016,506,84,0,0,0,0.7799999714,0,0
5553957443,5/1/2016,436,237,0,0,0,3.369999886,0,0
5553957443,5/2/2016,724,227,9,23,0,4.900000095,0.4099999964,1.059999943
5553957443,5/3/2016,812,247,29,26,0,5.679999828,1.200000048,1.5
5553957443,5/4/2016,651,224,0,0,0,2.769999981,0,0
5553957443,5/5/2016,692,241,29,44,0,4.429999828,1.659999967,3.430000067
5553957443,5/6/2016,761,229,9,21,0,4.230000019,0.5400000215,1.519999981
5553957443,5/7/2016,902,96,0,0,0,1.220000029,0,0
5553957443,5/8/2016,505,210,8,3,0,3.299999952,0.4699999988,0.2199999988
5553957443,5/9/2016,667,251,22,59,0,4.559999943,0.8899999857,2.130000114
5553957443,5/10/2016,707,265,40,61,0,5.199999809,1.610000014,3.869999886
5553957443,5/11/2016,628,195,0,0,0,3.220000029,0,0
5553957443,5/12/2016,222,48,6,8,0,1.059999943,0.400000006,0.5799999833
5577150313,4/12/2016,728,140,16,86,0,2.099999905,0.3799999952,3.599999905
5577150313,4/13/2016,776,144,11,15,0,3.25,0.2199999988,0.3199999928
5577150313,4/14/2016,662,176,30,118,0,2.779999971,0.3100000024,3.329999924
5577150313,4/15/2016,695,199,54,115,0,3.559999943,1.600000024,3.920000076
5577150313,4/16/2016,472,158,56,184,0,2.730000019,1.279999971,6.639999866
5577150313,4/17/2016,525,159,37,200,0,2.319999933,0.8299999833,5.980000019
5577150313,4/18/2016,623,130,32,114,0,1.820000052,0.7200000286,4.860000134
5577150313,4/19/2016,733,111,23,108,0,1.75999999,0.6399999857,7.019999981
5577150313,4/20/2016,773,113,16,87,0,1.75999999,0.3400000036,4.119999886
5577150313,4/21/2016,670,175,74,110,0,2.779999971,1.659999967,3.650000095
5577150313,4/22/2016,823,200,30,62,0,3.299999952,0.7900000215,2.420000076
5577150313,4/23/2016,627,223,24,24,0,4.139999866,0.3600000143,1.210000038
5577150313,4/24/2016,425,141,65,210,0,1.980000019,2.150000095,7.650000095
5577150313,4/25/2016,743,214,38,61,0,2.75999999,0.6700000167,1.350000024
5577150313,4/26/2016,759,181,32,38,0,2.470000029,0.6499999762,0.8500000238
5577150313,4/27/2016,773,190,16,63,0,2.930000067,0.400000006,1.809999943
5577150313,4/28/2016,692,141,51,99,0,3.00999999,1.169999957,3.25
5577150313,4/29/2016,739,165,36,97,0,2.470000029,0.6100000143,2.839999914
5577150313,4/30/2016,621,163,45,207,0,2.609999895,0.7900000215,5.829999924
5577150313,5/1/2016,499,178,72,194,0,3.24000001,1.440000057,5.309999943
5577150313,5/2/2016,732,235,20,37,0,4.070000172,0.349999994,1.120000005
5577150313,5/3/2016,580,212,8,97,0,3.569999933,0.150000006,4.519999981
5577150313,5/4/2016,631,141,9,25,0,2.079999924,0.25,1.559999943
5577150313,5/5/2016,1153,143,21,45,0,2.670000076,0.4699999988,2.5
5577150313,5/6/2016,1304,79,16,41,0,1.450000048,0.3199999928,1.929999948
5577150313,5/7/2016,1440,0,0,0,0,0,0,0
5577150313,5/8/2016,1440,0,0,0,0,0,0,0
5577150313,5/9/2016,1099,70,11,34,0,0.9900000095,0.1400000006,1.429999948
5577150313,5/10/2016,639,194,37,104,0,3.349999905,0.75,2.559999943
5577150313,5/11/2016,257,63,15,45,0,0.8899999857,0.3000000119,1.830000043
6117666160,4/12/2016,1440,0,0,0,0,0,0,0
6117666160,4/13/2016,1440,0,0,0,0,0,0,0
6117666160,4/14/2016,1440,0,0,0,0,0,0,0
6117666160,4/15/2016,921,513,6,0,0,10.30000019,0.2800000012,0
6117666160,4/16/2016,502,518,15,7,0,9.479999542,0.8500000238,0.5799999833
6117666160,4/17/2016,702,312,0,0,0,5.400000095,0,0
6117666160,4/18/2016,759,241,0,0,0,3.890000105,0,0
6117666160,4/19/2016,425,480,0,0,0,8.409999847,0,0
6117666160,4/20/2016,587,349,10,26,0,5.519999981,0.4799999893,2.029999971
6117666160,4/21/2016,579,294,19,11,0,5.619999886,0.400000006,0.9800000191
6117666160,4/22/2016,413,402,0,0,0,6.199999809,0,0
6117666160,4/23/2016,468,512,0,0,0,8.680000305,0,0
6117666160,4/24/2016,711,362,0,0,0,5.760000229,0,0
6117666160,4/25/2016,1440,0,0,0,0,0,0,0
6117666160,4/26/2016,1077,352,7,0,0,6.869999886,0.3400000036,0
6117666160,4/27/2016,417,458,0,0,0,7.110000134,0,0
6117666160,4/28/2016,758,141,0,0,0,2.599999905,0,0
6117666160,4/29/2016,479,461,0,0,0,7.239999771,0,0
6117666160,4/30/2016,1040,343,0,0,0,5.28000021,0,0
6117666160,5/1/2016,525,397,0,0,0,6.730000019,0,0
6117666160,5/2/2016,1204,236,0,0,0,3.730000019,0,0
6117666160,5/3/2016,1440,0,0,0,0,0,0,0
6117666160,5/4/2016,1279,156,0,0,0,2.25999999,0,0
6117666160,5/5/2016,479,487,0,0,0,7.400000095,0,0
6117666160,5/6/2016,673,133,0,0,0,2.680000067,0,0
6117666160,5/7/2016,456,412,0,0,0,5.539999962,0,0
6117666160,5/8/2016,517,318,0,0,0,5.53000021,0,0
6117666160,5/9/2016,125,197,0,0,0,3.380000114,0,0
6290855005,4/12/2016,1241,199,0,0,0,3.450000048,0,0
6290855005,4/13/2016,1090,350,0,0,0.009999999776,5.389999866,0,0
6290855005,4/14/2016,1077,363,0,0,0.02999999933,5.769999981,0,0
6290855005,4/15/2016,1112,328,0,0,0.009999999776,7.170000076,0,0
6290855005,4/16/2016,1182,258,0,0,0.009999999776,6.269999981,0,0
6290855005,4/17/2016,1172,225,12,31,0,4,0.7900000215,1.139999986
6290855005,4/18/2016,1169,271,0,0,0.01999999955,5.190000057,0,0
6290855005,4/19/2016,1119,321,0,0,0.009999999776,5.389999866,0,0
6290855005,4/20/2016,1182,258,0,0,0.009999999776,4.800000191,0,0
6290855005,4/21/2016,1440,0,0,0,0,0,0,0
6290855005,4/22/2016,1138,302,0,0,0,4.71999979,0,0
6290855005,4/23/2016,1407,0,0,33,0,0,0,0
6290855005,4/24/2016,1182,258,0,0,0,4.460000038,0,0
6290855005,4/25/2016,1180,249,3,8,0.009999999776,5.03000021,0.1800000072,0.6800000072
6290855005,4/26/2016,1440,0,0,0,0,0,0,0
6290855005,4/27/2016,1153,287,0,0,0.02999999933,4.179999828,0,0
6290855005,4/28/2016,1185,255,0,0,0,4.329999924,0,0
6290855005,4/29/2016,1440,0,0,0,0,0,0,0
6290855005,4/30/2016,1116,324,0,0,0.009999999776,5.090000153,0,0
6290855005,5/1/2016,1055,282,95,8,0.01999999955,4,2.75,0.6600000262
6290855005,5/2/2016,1172,268,0,0,0.01999999955,5.110000134,0,0
6290855005,5/3/2016,1200,240,0,0,0,4.570000172,0,0
6290855005,5/4/2016,1168,272,0,0,0.009999999776,4.400000095,0,0
6290855005,5/5/2016,1201,239,0,0,0,4.789999962,0,0
6290855005,5/6/2016,1135,305,0,0,0.02999999933,4.590000153,0,0
6290855005,5/7/2016,1213,227,0,0,0,4.159999847,0,0
6290855005,5/8/2016,1189,251,0,0,0,5.820000172,0,0
6290855005,5/9/2016,800,264,0,0,0.01999999955,4.730000019,0,0
6290855005,5/10/2016,1440,0,0,0,0,0,0,0
6775888955,4/12/2016,1440,0,0,0,0,0,0,0
6775888955,4/13/2016,1053,85,18,17,0,1.220000029,0.5799999833,1.110000014
6775888955,4/14/2016,863,105,24,14,0,1.970000029,0.8600000143,0.8700000048
6775888955,4/15/2016,976,58,0,0,0,0.9200000167,0,0
6775888955,4/16/2016,1377,9,18,36,0,0.05999999866,0.8100000024,2.519999981
6775888955,4/17/2016,1392,19,24,5,0,0.3100000024,1.129999995,0.349999994
6775888955,4/18/2016,1233,146,31,30,0,3.170000076,0.7699999809,2
6775888955,4/19/2016,1440,0,0,0,0,0,0,0
6775888955,4/20/2016,1079,178,113,70,0,2.220000029,1.74000001,3.769999981
6775888955,4/21/2016,1440,0,0,0,0,0,0,0
6775888955,4/22/2016,1420,20,0,0,0,0.4600000083,0,0
6775888955,4/23/2016,1440,0,0,0,0,0,0,0
6775888955,4/24/2016,1400,11,18,11,0,0.150000006,0.6200000048,0.7699999809
6775888955,4/25/2016,1302,92,13,33,0,1.899999976,0.4600000083,2.269999981
6775888955,4/26/2016,1321,47,30,42,0,0.7300000191,0.8700000048,3.480000019
6775888955,4/27/2016,1440,0,0,0,0,0,0,0
6775888955,4/28/2016,1410,15,13,2,0,0.2399999946,0.200000003,0.05999999866
6775888955,4/29/2016,1440,0,0,0,0,0,0,0
6775888955,4/30/2016,1344,84,9,3,0,1.480000019,0.1599999964,0.1599999964
6775888955,5/1/2016,1347,50,34,9,0,0.6800000072,0.6200000048,0.4799999893
6775888955,5/2/2016,1440,0,0,0,0,0,0,0
6775888955,5/3/2016,1439,1,0,0,0,0.009999999776,0,0
6775888955,5/4/2016,1440,0,0,0,0,0,0,0
6775888955,5/5/2016,1440,0,0,0,0,0,0,0
6775888955,5/6/2016,1318,75,35,12,0,1.929999948,0.9300000072,0.4699999988
6775888955,5/7/2016,551,49,5,2,0,1.049999952,0.2399999946,0.1299999952
6962181067,4/12/2016,796,189,14,50,0,2.50999999,0.8299999833,3.400000095
6962181067,4/13/2016,548,142,24,8,0,1.960000038,1.210000038,0.5699999928
6962181067,4/14/2016,862,86,0,0,0,1.029999971,0,0
6962181067,4/15/2016,837,217,0,0,0,3.680000067,0,0
6962181067,4/16/2016,741,280,3,50,0,4.880000114,0.1899999976,3.660000086
6962181067,4/17/2016,634,295,13,5,0,5.690000057,0.6800000072,0.3300000131
6962181067,4/18/2016,689,238,42,13,0,4.320000172,2.390000105,0.8299999833
6962181067,4/19/2016,659,195,41,35,0,2.869999886,2.130000114,2.099999905
6962181067,4/20/2016,639,297,4,48,0,5.090000153,0.1899999976,4.28000021
6962181067,4/21/2016,708,214,27,53,0.1099999994,3.50999999,2.099999905,3.99000001
6962181067,4/22/2016,659,240,33,30,0,3.769999981,1.549999952,1.769999981
6962181067,4/23/2016,484,347,41,58,0,7.039999962,2,4.199999809
6962181067,4/24/2016,720,199,0,0,0,3.319999933,0,0
6962181067,4/25/2016,637,282,31,35,0.1000000015,4.460000038,1.679999948,3.019999981
6962181067,4/26/2016,680,254,7,36,0,3.900000095,0.4199999869,2.579999924
6962181067,4/27/2016,697,279,38,7,0,4.25,2.019999981,0.5500000119
6962181067,4/28/2016,621,288,8,38,0,5.590000153,0.2399999946,2.50999999
6962181067,4/29/2016,645,369,15,12,0,5.809999943,0.4799999893,0.8199999928
6962181067,4/30/2016,731,237,16,32,0,3.670000076,0.7599999905,2.24000001
6962181067,5/1/2016,722,215,0,0,0,3.609999895,0,0
6962181067,5/2/2016,655,313,39,18,0,5.340000153,2,1.200000048
6962181067,5/3/2016,654,267,36,21,0,4.329999924,2.039999962,1.74000001
6962181067,5/4/2016,683,284,36,15,0,4.550000191,1.679999948,0.4699999988
6962181067,5/5/2016,591,305,22,14,0,4.809999943,1.159999967,0.9900000095
6962181067,5/6/2016,717,299,0,0,0,3.910000086,0,0
6962181067,5/7/2016,745,328,0,0,0,4.5,0,0
6962181067,5/8/2016,709,151,14,0,0,2.25,0.5199999809,0
6962181067,5/9/2016,607,231,21,43,0,3.650000095,1.179999948,3.900000095
6962181067,5/10/2016,626,275,34,62,0,4.989999771,1.75,3.470000029
6962181067,5/11/2016,709,199,7,24,0,2.650000095,0.3100000024,1.49000001
6962181067,5/12/2016,127,105,8,0,0,2.109999895,0.25,0
7007744171,4/12/2016,1024,355,8,53,0,5.409999847,0.3799999952,4.5
7007744171,4/13/2016,1101,261,22,56,0,4.480000019,0.5600000024,4.610000134
7007744171,4/14/2016,1096,304,6,34,0,4.960000038,0.3400000036,2.950000048
7007744171,4/15/2016,1238,202,0,0,0,3.529999971,0,0
7007744171,4/16/2016,1155,203,0,0,0,3.099999905,0,0
7007744171,4/17/2016,1135,305,0,0,0,5.389999866,0,0
7007744171,4/18/2016,1077,284,31,48,0.01999999955,5.050000191,2.119999886,3.789999962
7007744171,4/19/2016,1066,304,17,53,0,5.309999943,0.7599999905,4.409999847
7007744171,4/20/2016,1000,347,33,60,0,5.860000134,0.6700000167,4.789999962
7007744171,4/21/2016,1049,327,34,30,0,5.170000076,1.870000005,2.150000095
7007744171,4/22/2016,1065,261,50,64,0,4.369999886,1.75999999,4.099999905
7007744171,4/23/2016,1190,223,25,2,0,4.150000095,1.129999995,0.1299999952
7007744171,4/24/2016,1021,419,0,0,0,7.420000076,0,0
7007744171,4/25/2016,986,379,24,51,0,7.670000076,1.370000005,4.309999943
7007744171,4/26/2016,978,424,22,16,0,8.229999542,0.9399999976,0.9300000072
7007744171,4/27/2016,1041,337,12,50,0,5.289999962,0.6600000262,4.269999981
7007744171,4/28/2016,1007,401,16,16,0,8.260000229,0.7699999809,1.090000033
7007744171,4/29/2016,961,382,42,55,0,7.949999809,2.049999952,4.309999943
7007744171,4/30/2016,1240,200,0,0,0,2.519999981,0,0
7007744171,5/1/2016,1142,237,0,0,0,3.75,0,0
7007744171,5/2/2016,1112,250,14,64,0,3.829999924,0.6999999881,4.639999866
7007744171,5/3/2016,1021,330,31,58,0,5.360000134,1.019999981,4.480000019
7007744171,5/4/2016,1440,0,0,0,0,0,0,0
7007744171,5/5/2016,1047,317,23,53,0,5.480000019,1.289999962,4.329999924
7007744171,5/6/2016,1136,247,13,44,0,3.859999895,0.8100000024,3
7007744171,5/7/2016,111,0,0,0,0,0,0,0
7086361926,4/12/2016,745,153,6,59,0,2.970000029,0.150000006,5.269999981
7086361926,4/13/2016,744,155,26,31,0,2.839999914,0.2099999934,0.5600000024
7086361926,4/14/2016,787,189,32,35,0,3.660000086,0.3300000131,2.029999971
7086361926,4/15/2016,864,139,21,30,0,2.529999971,1.110000014,2.039999962
7086361926,4/16/2016,1437,3,0,0,0,0.009999999776,0,0
7086361926,4/17/2016,1440,0,0,0,0,0,0,0
7086361926,4/18/2016,1136,114,51,61,0,2.309999943,1.220000029,3.170000076
7086361926,4/19/2016,671,124,69,67,0,2.50999999,1.230000019,3.529999971
7086361926,4/20/2016,797,145,13,87,0,2.539999962,0.4499999881,7.639999866
7086361926,4/21/2016,758,206,6,19,0,4.510000229,0.3000000119,1.360000014
7086361926,4/22/2016,762,153,59,58,0,2.670000076,0.9700000286,2.869999886
7086361926,4/23/2016,1350,90,0,0,0,1.799999952,0,0
7086361926,4/24/2016,566,125,0,0,0,2.150000095,0,0
7086361926,4/25/2016,706,129,39,69,0,2.369999886,0.6999999881,3.75
7086361926,4/26/2016,726,132,33,70,0,2.119999886,0.7699999809,4.159999847
7086361926,4/27/2016,829,145,6,55,0,2.529999971,0.1800000072,5.630000114
7086361926,4/28/2016,810,161,48,54,0,3.359999895,1.639999986,2.789999962
7086361926,4/29/2016,1198,182,36,24,0,4,0.4499999881,0.4900000095
7086361926,4/30/2016,584,308,17,42,0,5.239999771,1.039999962,3.119999886
7086361926,5/1/2016,685,258,15,30,0,4.849999905,0.8999999762,2.299999952
7086361926,5/2/2016,737,139,26,66,0,2.660000086,0.6600000262,3.480000019
7086361926,5/3/2016,761,152,36,57,0,3.160000086,0.8500000238,2.74000001
7086361926,5/4/2016,843,135,12,45,0,2.900000095,0.1199999973,5.28000021
7086361926,5/5/2016,1253,149,14,24,0,2.950000048,0.8299999833,1.779999971
7086361926,5/6/2016,834,154,35,84,0,3.119999886,1.429999948,3.819999933
7086361926,5/7/2016,621,209,42,20,0,4.679999828,2.329999924,1.460000038
7086361926,5/8/2016,695,147,27,32,0,3.25,1.529999971,2.309999943
7086361926,5/9/2016,743,171,50,67,0,3.119999886,1.710000038,4.260000229
7086361926,5/10/2016,1182,106,23,72,0,2.450000048,1.200000048,7.110000134
7086361926,5/11/2016,757,128,40,57,0,2.230000019,1.389999986,2.890000105
7086361926,5/12/2016,343,58,4,5,0,1.889999986,0.2700000107,0.3799999952
8053475328,4/12/2016,1193,123,8,116,0,2.099999905,0.3899999857,11.64000034
8053475328,4/13/2016,1177,156,12,95,0,2.450000048,0.4699999988,10.43000031
8053475328,4/14/2016,1123,193,5,119,0,3.359999895,0.2099999934,12.34000015
8053475328,4/15/2016,1142,158,8,132,0,2.589999914,0.3899999857,13.26000023
8053475328,4/16/2016,1255,83,6,96,0,1.49000001,0.2700000107,9.359999657
8053475328,4/17/2016,1113,195,21,111,0,3.640000105,0.8000000119,9.239999771
8053475328,4/18/2016,1137,195,6,102,0,3.349999905,0.2300000042,9.079999924
8053475328,4/19/2016,1152,191,7,90,0,2.950000048,0.3100000024,9.220000267
8053475328,4/20/2016,695,158,5,89,0,2.380000114,0.2300000042,9.579999924
8053475328,4/21/2016,1164,170,6,100,0,2.579999924,0.25,9.670000076
8053475328,4/22/2016,1260,117,3,60,0,1.879999995,0.150000006,6.260000229
8053475328,4/23/2016,741,223,14,125,0,4.019999981,0.6299999952,12.53999996
8053475328,4/24/2016,1096,182,33,129,0,3.25999999,1.549999952,13.13000011
8053475328,4/25/2016,1104,209,9,118,0,3.859999895,0.4600000083,11.36999989
8053475328,4/26/2016,1182,185,5,68,0,3.099999905,0.200000003,6.309999943
8053475328,4/27/2016,1187,183,10,60,0,2.930000067,0.4300000072,6.460000038
8053475328,4/28/2016,1188,153,9,90,0,2.349999905,0.3899999857,9.670000076
8053475328,4/29/2016,1215,159,8,58,0,3.170000076,0.3100000024,6.170000076
8053475328,4/30/2016,1281,131,1,27,0,2.539999962,0.05999999866,2.99000001
8053475328,5/1/2016,1389,51,0,0,0,0.8500000238,0,0
8053475328,5/2/2016,1345,95,0,0,0,1.429999948,0,0
8053475328,5/3/2016,1166,165,22,87,0,2.589999914,0.9300000072,8.390000343
8053475328,5/4/2016,1220,123,8,89,0,1.909999967,0.400000006,8.819999695
8053475328,5/5/2016,1208,130,9,93,0,2.210000038,0.4499999881,8.850000381
8053475328,5/6/2016,1245,90,15,90,0,1.210000038,0.6899999976,9.100000381
8053475328,5/7/2016,1076,148,20,121,0,2.349999905,0.8799999952,12.43999958
8053475328,5/8/2016,1073,228,14,125,0,3.660000086,0.5899999738,13.39999962
8053475328,5/9/2016,1214,148,12,66,0,2.690000057,0.5699999928,6.119999886
8053475328,5/10/2016,1219,115,10,96,0,1.850000024,0.4199999869,9.090000153
8053475328,5/11/2016,1189,184,7,60,0,3.039999962,0.2800000012,6.079999924
8053475328,5/12/2016,839,39,4,28,0,0.7599999905,0.200000003,2.950000048
8253242879,4/12/2016,1244,154,2,40,0,1.590000033,0.1400000006,5.429999828
8253242879,4/13/2016,1298,96,11,35,0,1.309999943,0.6299999952,4.170000076
8253242879,4/14/2016,1362,33,16,29,0,0.5400000215,0.9900000095,1.929999948
8253242879,4/15/2016,1335,105,0,0,0,1.75999999,0,0
8253242879,4/16/2016,1268,115,51,6,0,2.450000048,3.269999981,0.4300000072
8253242879,4/17/2016,1237,157,5,41,0,2.329999924,0.150000006,5.429999828
8253242879,4/18/2016,1278,130,16,16,0,1.799999952,0.6299999952,1.039999962
8253242879,4/19/2016,1276,164,0,0,0,2.779999971,0,0
8253242879,4/20/2016,1201,216,18,5,0.009999999776,3.109999895,0.8199999928,0.3300000131
8253242879,4/21/2016,1199,172,20,49,0,1.75,0.9300000072,5.880000114
8253242879,4/22/2016,1320,120,0,0,0,1.870000005,0,0
8253242879,4/23/2016,1193,191,26,30,0,3.130000114,1.039999962,2.089999914
8253242879,4/24/2016,1313,82,4,41,0,1.340000033,0.1899999976,5.599999905
8253242879,4/25/2016,1261,118,54,7,0,1.769999981,2.390000105,0.3600000143
8253242879,4/26/2016,1299,108,14,19,0,1.370000005,0.4900000095,1.179999948
8253242879,4/27/2016,1286,104,5,45,0,1.700000048,0.2300000042,6.239999771
8253242879,4/28/2016,1393,20,16,11,0,0.3400000036,0.7799999714,0.6700000167
8253242879,4/29/2016,1257,136,14,16,0,2.400000095,0.5400000215,1.289999962
8253242879,4/30/2016,1440,0,0,0,0,0,0,0
8378563200,4/12/2016,723,156,15,65,0,4.5,0.7099999785,0.8299999833
8378563200,4/13/2016,680,169,14,116,0,4.210000038,0.6499999762,4.960000038
8378563200,4/14/2016,699,174,21,123,0,3.910000086,1.029999971,5.619999886
8378563200,4/15/2016,729,190,23,60,0,5.409999847,1.149999976,4.909999847
8378563200,4/16/2016,563,142,21,64,0,2.440000057,1.070000052,5.369999886
8378563200,4/17/2016,599,93,0,0,0,1.690000057,0,0
8378563200,4/18/2016,720,174,10,117,0,5.199999809,0.5600000024,5.050000191
8378563200,4/19/2016,737,154,19,120,0,4.179999828,0.8799999952,5.300000191
8378563200,4/20/2016,763,169,8,82,0,4.78000021,0.4399999976,2.230000019
8378563200,4/21/2016,677,145,16,137,0,4.289999962,0.8199999928,6.900000095
8378563200,4/22/2016,769,159,12,113,0,4.179999828,0.5899999738,4.909999847
8378563200,4/23/2016,740,136,10,19,0,2.480000019,0.5199999809,1.519999981
8378563200,4/24/2016,734,135,0,0,0,2.940000057,0,0
8378563200,4/25/2016,692,141,16,117,0,3.920000076,0.8700000048,5.050000191
8378563200,4/26/2016,593,161,18,90,0,4.420000076,0.9200000167,7.510000229
8378563200,4/27/2016,676,192,4,4,0,5.329999924,0.1800000072,0.3300000131
8378563200,4/28/2016,711,139,10,11,0,2.910000086,0.4900000095,0.8999999762
8378563200,4/29/2016,767,172,7,3,0,4.269999981,0.3600000143,0.25
8378563200,4/30/2016,780,121,0,0,0,2.339999914,0,0
8378563200,5/1/2016,669,127,10,71,0,2.470000029,0.5600000024,6.03000021
8378563200,5/2/2016,802,142,4,63,0,4.010000229,0.1700000018,0.6299999952
8378563200,5/3/2016,822,195,20,71,0,4.5,1.059999943,1.340000033
8378563200,5/4/2016,680,167,10,19,0,4.199999809,0.4900000095,1.559999943
8378563200,5/5/2016,764,214,3,66,0,5.739999771,0.1599999964,0.8899999857
8378563200,5/6/2016,831,166,5,74,0,3.779999971,0.25,1.549999952
8378563200,5/7/2016,851,158,0,0,0,3.539999962,0,0
8378563200,5/8/2016,621,139,0,0,0,2.329999924,0,0
8378563200,5/9/2016,772,171,13,71,0,4.71999979,0.6600000262,1.269999981
8378563200,5/10/2016,840,152,13,63,0,3.920000076,0.6399999857,0.6600000262
8378563200,5/11/2016,763,184,10,72,0,5.269999981,0.5899999738,1.389999986
8378563200,5/12/2016,433,102,6,8,0,2.690000057,0.2700000107,0.6499999762
8583815059,4/12/2016,1237,196,7,0,0,3.579999924,0.3300000131,0
8583815059,4/13/2016,1252,163,23,2,0,3.230000019,0.9700000286,0.150000006
8583815059,4/14/2016,1306,134,0,0,0,2.430000067,0,0
8583815059,4/15/2016,1375,65,0,0,0,0.8999999762,0,0
8583815059,4/16/2016,1440,0,0,0,0,0,0,0
8583815059,4/17/2016,1440,0,0,0,0,0,0,0
8583815059,4/18/2016,1309,105,22,4,0,1.350000024,1.059999943,0.3100000024
8583815059,4/19/2016,1257,166,10,7,0,3.440000057,0.4799999893,0.5299999714
8583815059,4/20/2016,1246,167,27,0,0,3.069999933,1.039999962,0
8583815059,4/21/2016,1229,158,18,35,0,3.00999999,1.019999981,2.630000114
8583815059,4/22/2016,1170,212,54,4,0,4.079999924,2.410000086,0.2899999917
8583815059,4/23/2016,1151,238,44,7,0,4.75,2.029999971,0.5299999714
8583815059,4/24/2016,1188,206,44,2,0,4.269999981,2.049999952,0.150000006
8583815059,4/25/2016,1294,122,6,18,0,1.809999943,0.2399999946,1.470000029
8583815059,4/26/2016,1134,214,91,1,0,3.890000105,4.21999979,0.0700000003
8583815059,4/27/2016,1229,129,5,77,0,2.869999886,0.2700000107,6.599999905
8583815059,4/28/2016,1209,203,28,0,0,3.609999895,1.200000048,0
8583815059,4/29/2016,1069,258,67,46,0,4.920000076,3,3.900000095
8583815059,4/30/2016,1093,317,28,2,0,6.429999828,1.279999971,0.150000006
8583815059,5/1/2016,1311,117,2,10,0,2.039999962,0.1199999973,0.7799999714
8583815059,5/2/2016,1440,0,0,0,0,0,0,0
8583815059,5/3/2016,1440,0,0,0,0,0,0,0
8583815059,5/4/2016,1440,0,0,0,0,0,0,0
8583815059,5/5/2016,1370,70,0,0,0,1.179999948,0,0
8583815059,5/6/2016,1250,166,22,2,0,3.230000019,1.190000057,0.1400000006
8583815059,5/7/2016,1190,250,0,0,0,4.769999981,0,0
8583815059,5/8/2016,1183,182,72,3,0,3.660000086,3.309999943,0.2199999988
8583815059,5/9/2016,1260,110,4,66,0,1.730000019,0.1700000018,5.760000229
8583815059,5/10/2016,1226,162,43,9,0,3.720000029,2.00999999,0.6899999976
8583815059,5/11/2016,1106,177,71,5,0,3.170000076,3.24000001,0.3700000048
8583815059,5/12/2016,1440,0,0,0,0,0,0,0
8792009665,4/12/2016,831,116,0,0,0,1.639999986,0,0
8792009665,4/13/2016,806,82,0,0,0,0.8399999738,0,0
8792009665,4/14/2016,853,84,0,0,0,0.7799999714,0,0
8792009665,4/15/2016,937,126,0,0,0,1.590000033,0,0
8792009665,4/16/2016,1428,12,0,0,0,0.1599999964,0,0
8792009665,4/17/2016,1440,0,0,0,0,0,0,0
8792009665,4/18/2016,1440,0,0,0,0,0,0,0
8792009665,4/19/2016,1440,0,0,0,0,0,0,0
8792009665,4/20/2016,744,139,10,0,0,1.74000001,0.2800000012,0
8792009665,4/21/2016,1431,9,0,0,0,0.09000000358,0,0
8792009665,4/22/2016,817,195,20,1,0,2.269999981,0.2800000012,0.05000000075
8792009665,4/23/2016,795,232,45,8,0,2.75,0.4399999976,0.1599999964
8792009665,4/24/2016,1410,19,8,3,0,0.1599999964,0.05000000075,0.03999999911
8792009665,4/25/2016,1440,0,0,0,0,0,0,0
8792009665,4/26/2016,1360,80,0,0,0,0.8500000238,0,0
8792009665,4/27/2016,900,112,0,0,0,1.129999995,0,0
8792009665,4/28/2016,714,310,0,0,0,3.940000057,0,0
8792009665,4/29/2016,634,380,14,6,0,4.929999828,0.2800000012,0.1400000006
8792009665,4/30/2016,749,301,20,10,0,3.910000086,0.3600000143,0.3300000131
8792009665,5/1/2016,834,79,0,0,0,1.039999962,0,0
8792009665,5/2/2016,916,101,0,0,0,1.169999957,0,0
8792009665,5/3/2016,739,156,0,0,0,1.549999952,0,0
8792009665,5/4/2016,848,129,0,0,0,1.460000038,0,0
8792009665,5/5/2016,1440,0,0,0,0,0,0,0
8792009665,5/6/2016,1440,0,0,0,0,0,0,0
8792009665,5/7/2016,1440,0,0,0,0,0,0,0
8792009665,5/8/2016,1440,0,0,0,0,0,0,0
8792009665,5/9/2016,1440,0,0,0,0,0,0,0
8792009665,5/10/2016,48,0,0,0,0,0,0,0
8877689391,4/12/2016,1036,312,7,85,0,7.820000172,0.3400000036,12.22000027
8877689391,4/13/2016,1098,216,18,108,0,5.639999866,0.3799999952,3.549999952
8877689391,4/14/2016,1061,298,13,68,0.01999999955,7.75,0.5899999738,10.55000019
8877689391,4/15/2016,1052,281,1,106,0.009999999776,7.010000229,0.05000000075,0.05000000075
8877689391,4/16/2016,888,429,29,94,0,10.71000004,1.210000038,13.23999977
8877689391,4/17/2016,1060,307,15,58,0,8.789999962,0.0700000003,0
8877689391,4/18/2016,1215,191,5,29,0,5.940000057,0.2700000107,2.440000057
8877689391,4/19/2016,1131,214,13,82,0,5.03000021,0.1800000072,12.14999962
8877689391,4/20/2016,1123,225,19,73,0,6.340000153,0.6899999976,11.02000046
8877689391,4/21/2016,1119,226,13,82,0,4.889999866,0.4199999869,12.28999996
8877689391,4/22/2016,1141,236,2,61,0.05000000075,5.96999979,0.02999999933,10.22999954
8877689391,4/23/2016,1032,300,6,102,0.009999999776,7.400000095,0,0
8877689391,4/24/2016,1148,227,1,64,0,4.690000057,0.009999999776,11.01000023
8877689391,4/25/2016,1101,218,8,113,0.009999999776,6.269999981,0.0700000003,2.369999886
8877689391,4/26/2016,1157,258,3,22,0,6.5,0.1299999952,1.75999999
8877689391,4/27/2016,1104,235,8,93,0,7.099999905,0.4399999976,13.06999969
8877689391,4/28/2016,1143,231,8,58,0,5.96999979,0.3799999952,4.929999828
8877689391,4/29/2016,1207,210,5,18,0,5.789999962,0.1700000018,1.379999995
8877689391,4/30/2016,1089,223,4,124,0,4.929999828,0.07999999821,21.65999985
8877689391,5/1/2016,1226,166,12,36,0,4.570000172,0.5699999928,3.130000114
8877689391,5/2/2016,1335,105,0,0,0,3.559999943,0,0
8877689391,5/3/2016,1189,229,3,19,0.009999999776,6.670000076,0.1000000015,1.389999986
8877689391,5/4/2016,1154,212,8,66,0,5.53000021,0.3100000024,10.42000008
8877689391,5/5/2016,1170,188,15,67,0,4.369999886,0.8199999928,5.460000038
8877689391,5/6/2016,1095,232,17,96,0,6.159999847,0.2899999917,12.78999996
8877689391,5/7/2016,1036,271,28,105,0,6.989999771,0.9599999785,0.07999999821
8877689391,5/8/2016,1174,245,4,17,0,6.800000191,0.200000003,1.080000043
8877689391,5/9/2016,1131,217,19,73,0.05000000075,6.239999771,0.8000000119,11.10000038
8877689391,5/10/2016,1187,224,11,18,0,6.28000021,0.4600000083,1.350000024
8877689391,5/11/2016,1127,213,12,88,0,5.889999866,0.4099999964,13.22000027
8877689391,5/12/2016,770,137,1,23,0,4.25,0.03999999911,1.820000052